<!DOCTYPE QGLVIEWER>
<QGLViewer version="2.7.2">
  <State stereo="false">
    <foregroundColor green="180" blue="180" red="180"/>
    <backgroundColor green="255" blue="255" red="255"/>
  </State>
  <Display FPSIsDisplayed="false" axisIsDrawn="false" gridIsDrawn="false" cameraIsEdited="false"/>
  <Geometry posY="50" posX="1970" fullScreen="false" height="891" width="929"/>
  <Camera>
    <Parameters zClippingCoefficient="1.73205" sceneRadius="1000" Type="PERSPECTIVE" orthoCoef="0.414214" fieldOfView="0.785398" zNearCoefficient="0.005">
      <SceneCenter z="0" y="0" x="0"/>
    </Parameters>
    <Stereo IODist="0.062" focusDistance="2414.21" physScreenWidth="0.5"/>
    <ManipulatedCameraFrame>
      <position z="2.61313" y="0" x="0"/>
      <orientation q3="1" q0="0" q1="0" q2="0"/>
      <ManipulatedParameters transSens="1" zoomSens="1" wheelSens="1" spinSens="0.3" rotSens="1"/>
      <ManipulatedCameraParameters zoomsOnPivotPoint="false" flySpeed="10" rotatesAroundUpVector="false">
        <sceneUpVector z="0" y="1" x="0"/>
      </ManipulatedCameraParameters>
    </ManipulatedCameraFrame>
  </Camera>
  <ManipulatedFrame>
    <position z="0" y="0" x="0"/>
    <orientation q3="1" q0="0" q1="0" q2="0"/>
    <ManipulatedParameters transSens="1" zoomSens="1" wheelSens="1" spinSens="0.3" rotSens="1"/>
  </ManipulatedFrame>
</QGLViewer>
